 Accession; Residue; Position; Context; Kinase; PMID; Source; Conscore; ELM; BindingDomain; SMART; IUPREDScore; PDB; P3D-Acc;
 P12931; S; 12; SNKSKPKDASQRRRSLEPAE; none; 2136766; 1; 0.21; ; -; ; 0.8948; -; ;
 P12931; S; 17; PKDASQRRRSLEPAENVHGA; PKA_group; 11804588; 1; 0.24; MOD_PKA_1; -; ; 0.8786; -; ;
 P12931; S; 17; PKDASQRRRSLEPAENVHGA; none; 17081983; 2; 0.24; MOD_PKA_1; -; ; 0.8786; -; ;
 P12931; S; 17; PKDASQRRRSLEPAENVHGA; none; 17192257; 2; 0.24; MOD_PKA_1; -; ; 0.8786; -; ;
 P12931; S; 17; PKDASQRRRSLEPAENVHGA; none; 18088087; 2; 0.24; MOD_PKA_1; -; ; 0.8786; -; ;
 P12931; S; 69; EPKLFGGFNSSDTVTSPQRA; none; 17192257; 2; 0.41; ; -; ; 0.6149; -; ;
 P12931; T; 74; GGFNSSDTVTSPQRAGPLAG; none; 18088087; 2; 0.52; ; -; ; 0.623; -; ;
 P12931; S; 75; GFNSSDTVTSPQRAGPLAGG; CDK_group; 10544291; 1; 0.14; MOD_CDK_1; -; ; 0.6352; -; ;
 P12931; S; 75; GFNSSDTVTSPQRAGPLAGG; CDK5; 10544291; 1; 0.14; MOD_CDK_1; -; ; 0.6352; -; ;
 P12931; S; 75; GFNSSDTVTSPQRAGPLAGG; none; 17192257; 2; 0.14; MOD_CDK_1; -; ; 0.6352; -; ;
 P12931; S; 97; TFVALYDYESRTETDLSFKK; none; 1713455; 1; 0.16; ; -; SH3; 0.3237; 1FMK; 36.07;
 P12931; Y; 216; IRKLDSGGFYITSRTQFNSL; SRC; 12753909; 1; 1.0; ; -; SH2; 0.2012; 1FMK; 20.09;
 P12931; Y; 338; YAVVSEEPIYIVTEYMSKGS; SRC; 7578094; 1; 1.0; ; -; TyrKc; 0.0673; 1FMK; 17.03;
 P12931; Y; 419; LARLIEDNEYTARQGAKFPI; none; 6273838; 1; 1.0; ; CBL PTB, Csk SH2, Src SH2; TyrKc; 0.1688; 1Y57; 26.20;
 P12931; Y; 419; LARLIEDNEYTARQGAKFPI; none; 11278940; 1; 1.0; ; CBL PTB, Csk SH2, Src SH2; TyrKc; 0.1688; 1Y57; 26.20;
 P12931; Y; 419; LARLIEDNEYTARQGAKFPI; SRC; 7578094; 1; 1.0; ; CBL PTB, Csk SH2, Src SH2; TyrKc; 0.1688; 1Y57; 26.20;
 P12931; Y; 419; LARLIEDNEYTARQGAKFPI; SRC; 11804588; 1; 1.0; ; CBL PTB, Csk SH2, Src SH2; TyrKc; 0.1688; 1Y57; 26.20;
 P12931; Y; 419; LARLIEDNEYTARQGAKFPI; SRC; 15489898; 1; 1.0; ; CBL PTB, Csk SH2, Src SH2; TyrKc; 0.1688; 1Y57; 26.20;
 P12931; Y; 419; LARLIEDNEYTARQGAKFPI; none; 17081983; 2; 1.0; ; CBL PTB, Csk SH2, Src SH2; TyrKc; 0.1688; 1Y57; 26.20;
 P12931; Y; 419; LARLIEDNEYTARQGAKFPI; none; 17192257; 2; 1.0; ; CBL PTB, Csk SH2, Src SH2; TyrKc; 0.1688; 1Y57; 26.20;
 P12931; Y; 439; KWTAPEAALYGRFTIKSDVW; none; 18083107; 2; 0.85; ; -; TyrKc; 0.0815; 1FMK; 64.63;
 P12931; Y; 530; DYFTSTEPQYQPGENL; none; 3103926; 1; 0.94; MOD_TYR_CSK; Csk SH2, Fyn SH2, Lck SH2, PIK3R1 SH2, Src SH2; ; 0.4644; 1FMK; 18.34;
 P12931; Y; 530; DYFTSTEPQYQPGENL; Csk; 12468645; 1; 0.94; MOD_TYR_CSK; Csk SH2, Fyn SH2, Lck SH2, PIK3R1 SH2, Src SH2; ; 0.4644; 1FMK; 18.34;
 P12931; Y; 530; DYFTSTEPQYQPGENL; none; 12387813; 1; 0.94; MOD_TYR_CSK; Csk SH2, Fyn SH2, Lck SH2, PIK3R1 SH2, Src SH2; ; 0.4644; 1FMK; 18.34;

